{
  "by_name": {
    "$media-border-color": {
      "name": "$media-border-color",
      "value": "bulmaRgba($border, 0.5)",
      "type": "compound"
    },
    "$media-border-size": {
      "name": "$media-border-size",
      "value": "1px",
      "type": "size"
    },
    "$media-spacing": {
      "name": "$media-spacing",
      "value": "1rem",
      "type": "size"
    },
    "$media-spacing-large": {
      "name": "$media-spacing-large",
      "value": "1.5rem",
      "type": "size"
    },
    "$media-content-spacing": {
      "name": "$media-content-spacing",
      "value": "0.75rem",
      "type": "size"
    },
    "$media-level-1-spacing": {
      "name": "$media-level-1-spacing",
      "value": "0.75rem",
      "type": "size"
    },
    "$media-level-1-content-spacing": {
      "name": "$media-level-1-content-spacing",
      "value": "0.5rem",
      "type": "size"
    },
    "$media-level-2-spacing": {
      "name": "$media-level-2-spacing",
      "value": "0.5rem",
      "type": "size"
    }
  },
  "list": [
    "$media-border-color",
    "$media-border-size",
    "$media-spacing",
    "$media-spacing-large",
    "$media-content-spacing",
    "$media-level-1-spacing",
    "$media-level-1-content-spacing",
    "$media-level-2-spacing"
  ],
  "file_path": "components/media.sass"
}