{
  "10": [
    {
      "name": "Arturas",
      "twitter": "",
      "discord": "",
      "start_timestamp": 1593679726511
    },
    {
      "name": "Maurice Perry",
      "twitter": "",
      "discord": "",
      "start_timestamp": 1575826633076
    },
    {
      "name": "xvxx",
      "twitter": "",
      "discord": "",
      "start_timestamp": 1572311879973
    },
    {
      "name": "Al Romano",
      "twitter": "",
      "discord": "vip3rousmango#3357",
      "start_timestamp": 1551649687685
    },
    {
      "name": "Jason Seminara",
      "twitter": "",
      "discord": "",
      "start_timestamp": 1532955289949
    },
    {
      "name": "Jordan Nemrow",
      "twitter": "",
      "discord": "",
      "start_timestamp": 1510767260223
    }
  ],
  "30": [
    {
      "name": "Garry Newman",
      "twitter": "garrynewman",
      "discord": "",
      "start_timestamp": 1511186868165
    },
    {
      "name": "Adrian Ocneanu",
      "twitter": "aocneanu",
      "discord": "",
      "start_timestamp": 1510731567799,
      "website_url": "https://www.earthlink.ro/",
      "website_name": "Earthlink"
    }
  ],
  "100": [
    {
      "name": "123Calendars",
      "twitter": "",
      "discord": "",
      "start_timestamp": 1604304762614
    },
    {
      "name": "Iaroslav Baklan",
      "twitter": "",
      "discord": "",
      "start_timestamp": 1603288719531
    },
    {
      "name": "Iaroslav Baklan",
      "twitter": "",
      "discord": "",
      "start_timestamp": 1603287724728
    },
    {
      "name": "Raj.bet",
      "twitter": "",
      "discord": "",
      "start_timestamp": 1598967631148
    },
    {
      "name": "MonoVM ",
      "twitter": "",
      "discord": "",
      "start_timestamp": 1588271410706
    },
    {
      "name": "Fintan Costello",
      "twitter": "",
      "discord": "",
      "start_timestamp": 1584546730317
    },
    {
      "name": "Adela Belin",
      "twitter": "",
      "discord": "",
      "start_timestamp": 1564993835335
    },
    {
      "name": "Robert Bolder",
      "twitter": "",
      "discord": "",
      "start_timestamp": 1546593784071
    }
  ],
  "300": [],
  "500": []
}
