{
  "by_id": {
    "signal": {
      "name": "signal",
      "url": "https://signal.org/",
      "highlighted": true,
      "date": "6 Jan 2021"
    },
    "searchcity": {
      "name": "searchcity",
      "url": "https://searchcity.app/",
      "highlighted": true,
      "date": "8 Sep 2020"
    },
    "romes": {
      "name": "romes",
      "url": "https://alt-romes.github.io/romes/",
      "highlighted": true,
      "date": "24 Mar 2020"
    },
    "pentos": {
      "name": "Pentos",
      "url": "https://pentos.co/",
      "date": "Feb 26 2020"
    },
    "infinitysearch": {
      "name": "Infinity Search",
      "url": "https://infinitysearch.co/",
      "date": "18 Mar 2020"
    },
    "vinetos": {
      "name": "Vinetos",
      "url": "https://www.vinetos.fr/",
      "date": "9 Mar 2020"
    },
    "vivohostel": {
      "name": "Vivo Hostel",
      "url": "#",
      "date": "27 Feb 2020"
    },
    "oneprofile": {
      "name": "oneprofile",
      "url": "https://www.oneprofile.info/",
      "highlighted": true,
      "date": "14 Mar 2020"
    },
    "formalfounder": {
      "name": "formalfounder",
      "url": "https://www.formalfounder.com/",
      "date": "13 Feb 2020"
    },
    "klimchuk": {
      "name": "klimchuk",
      "url": "https://klimchuk.com/",
      "date": "28 Feb 2020"
    },
    "pagespeed": {
      "name": "pagespeed",
      "url": "https://pagespeed.green/",
      "date": "19 Feb 2020"
    },
    "rydesignsstuff": {
      "name": "rydesignsstuff",
      "url": "https://www.rydesignsstuff.co.uk/",
      "date": "10 Dec 2019"
    },
    "sinuous": {
      "name": "Sinuous",
      "url": "https://sinuous.netlify.com/",
      "date": "21 Sep 2019"
    },
    "divjoy": {
      "name": "Divjoy",
      "url": "https://divjoy.com/",
      "highlighted": true,
      "date": "9 Aug 2019"
    },
    "runlet": {
      "name": "Runlet",
      "url": "https://runlet.app/",
      "highlighted": true,
      "date": "22 Aug 2019"
    },
    "spike": {
      "name": "Spike",
      "url": "https://spike.sh/",
      "date": "13 Aug 2019"
    },
    "bulmaplay": {
      "name": "Bulma Play",
      "url": "https://bulma-css-bulmaplay.appseed.us/",
      "date": "13 May 2019"
    },
    "ftwcoin": {
      "name": "FTW",
      "url": "https://next.ftwcoin.io/",
      "date": "19 June 2019"
    },
    "filegator": {
      "name": "FileGator",
      "url": "https://demo.filegator.io/",
      "date": "18 June 2019"
    },
    "agilox": {
      "name": "Agilox",
      "url": "https://www.agilox.net/",
      "date": "27 Mar 2019"
    },
    "counternetwork": {
      "name": "Counter Network",
      "highlighted": true,
      "url": "https://counter.network/",
      "date": "28 Mar 2019"
    },
    "mynameismirko2018": {
      "name": "mynameismirko",
      "url": "http://2018.mynameismirko.it/",
      "date": "26 Jan 2019"
    },
    "pingstack": {
      "name": "Pingstack",
      "url": "https://pingstack.io/",
      "date": "26 Feb 2019"
    },
    "pwn": {
      "name": "pwn",
      "url": "https://pwn.by/noraj/",
      "date": "24 Feb 2019"
    },
    "saashub": {
      "name": "SaaSHub",
      "url": "https://www.saashub.com/",
      "date": "9 Mar 2019"
    },
    "smesummit": {
      "name": "SME summit",
      "url": "https://www.smesummit.id/",
      "date": "20 Mar 2019"
    },
    "snipper": {
      "name": "Snipper App",
      "highlighted": true,
      "url": "https://snipper.app/",
      "date": "25 Mar 2019"
    },
    "uncut": {
      "name": "GreenPeace Uncut",
      "highlighted": true,
      "url": "https://uncut.ro/index.en.html",
      "date": "12 Jan 2019"
    },
    "jethromay": {
      "name": "Jethro May",
      "url": "https://jethromay.com/",
      "date": "17 Jan 2019"
    },
    "receptionhalls": {
      "name": "Reception Halls",
      "url": "https://www.receptionhalls.com/",
      "date": "17 Dec 2018"
    },
    "danielfr": {
      "name": "Daniel FR",
      "url": "https://danielfr.com/",
      "date": "16 Oct 2018"
    },
    "faulthero": {
      "name": "faulthero",
      "url": "https://www.faulthero.com/",
      "date": "16 Oct 2018"
    },
    "adilmania": {
      "name": "adilmania",
      "url": "https://www.adilmania.fr/",
      "date": "26 Aug 2018"
    },
    "mattfarley": {
      "name": "mattfarley",
      "highlighted": true,
      "url": "http://mattfarley.ca/",
      "date": "1 Aug 2018"
    },
    "griko": {
      "name": "griko",
      "url": "https://griko.id/",
      "date": "6 Jul 2018"
    },
    "shecodes": {
      "name": "shecodes",
      "url": "#",
      "date": "1 Jun 2018"
    },
    "jgthms": {
      "name": "jgthms",
      "highlighted": true,
      "url": "https://jgthms.com/",
      "date": "29 Jun 2018"
    },
    "uigoodies": {
      "name": "uigoodies",
      "url": "http://uigoodies.com/",
      "date": "5 Jul 2018"
    },
    "favicon": {
      "name": "favicon",
      "url": "https://favicon.io/",
      "date": "9 Jul 2018"
    },
    "whiterabbitexpress": {
      "name": "whiterabbitexpress",
      "url": "https://www.whiterabbitexpress.com/",
      "date": "24 Jun 2018"
    },
    "primative": {
      "name": "primative",
      "url": "https://www.primative.net/",
      "date": "5 Jul 2018"
    },
    "getbedtimestories": {
      "name": "getbedtimestories",
      "highlighted": true,
      "url": "https://getbedtimestories.com/",
      "date": "10 Apr 2018"
    },
    "mod": {
      "name": "mod",
      "url": "https://mod.io/",
      "date": "8 Jun 2018"
    },
    "jobees": {
      "name": "jobees",
      "url": "https://jobees.co/",
      "date": "5 Jul 2018"
    },
    "mythril": {
      "name": "mythril",
      "url": "https://mythril.io/",
      "date": "6 Apr 2018"
    },
    "immunizationacademy": {
      "name": "immunizationacademy",
      "url": "https://www.immunizationacademy.com/",
      "date": "26 Mar 2018"
    },
    "cssninja": {
      "name": "cssninja",
      "highlighted": true,
      "url": "https://cssninja.io/",
      "date": "7 Mar 2018"
    },
    "planhr": {
      "name": "planhr",
      "url": "https://planhr.nl/",
      "date": "20 Mar 2018"
    },
    "hodlfund": {
      "name": "hodlfund",
      "url": "https://hodlfund.io/",
      "date": "2 Feb 2018"
    },
    "cronhub": {
      "name": "cronhub",
      "highlighted": true,
      "url": "https://cronhub.io/",
      "date": "20 Mar 2018"
    },
    "pollygot": {
      "name": "pollygot",
      "url": "https://pollygot.com/",
      "date": "23 Dec 2017"
    },
    "reportz": {
      "name": "reportz",
      "url": "https://reportz.io/",
      "date": "9 Jan 2018"
    },
    "mynameismirko": {
      "name": "mynameismirko",
      "highlighted": true,
      "url": "http://2k17.mynameismirko.it/",
      "date": "25 Dec 2017"
    },
    "anyshortcut": {
      "name": "anyshortcut",
      "url": "https://anyshortcut.com/",
      "date": "14 Dec 2017"
    },
    "ysimplicity": {
      "name": "ysimplicity",
      "url": "https://ysimplicity.com/",
      "date": "11 Oct 2017"
    },
    "bongoutindonesia": {
      "name": "bongoutindonesia",
      "url": "https://bongoutindonesia.com/",
      "date": "1 Oct 2017"
    },
    "uploadme": {
      "name": "uploadme",
      "url": "https://uploadme.ai/",
      "date": "24 Sep 2017"
    },
    "Gustav": {
      "name": "Gustav",
      "highlighted": true,
      "url": "https://hellogustav.com/",
      "date": "29 Aug 2017"
    },
    "Penmob": {
      "name": "Penmob",
      "url": "https://www.penmob.com/",
      "date": "23 Aug 2017"
    },
    "Brújula Turística": {
      "name": "Brújula Turística",
      "url": "https://www.brujulaturistica.com/",
      "date": "3 Aug 2017"
    },
    "LottieFiles": {
      "name": "LottieFiles",
      "url": "https://www.lottiefiles.com/",
      "date": "1 Aug 2017"
    },
    "Smileonthetiles": {
      "name": "Smileonthetiles",
      "url": "https://smileonthetiles.co.uk/",
      "date": "1 Aug 2017"
    },
    "Sketch for Designrs": {
      "name": "Sketch for Designrs",
      "highlighted": true,
      "url": "http://sketch.fordesignrs.com/",
      "date": "22 Aug 2017"
    },
    "Bashful Birdie": {
      "name": "Bashful Birdie",
      "url": "http://www.bashfulbirdie.com/",
      "date": "24 Jul 2017"
    },
    "Bugcraft Studio": {
      "name": "Bugcraft Studio",
      "url": "https://noggaholic.github.io",
      "date": "24 Jul 2017"
    },
    "Booknshelf": {
      "name": "Booknshelf",
      "url": "https://booknshelf.com/",
      "date": "20 Jul 2017"
    },
    "MD5": {
      "name": "MD5",
      "url": "https://desforets.github.io/md5/",
      "date": "24 Jun 2017"
    },
    "Driftrock": {
      "name": "Driftrock",
      "highlighted": true,
      "url": "https://www.driftrock.com/",
      "date": "13 Jul 2017"
    },
    "Jubiwee": {
      "name": "Jubiwee",
      "url": "https://www.jubiwee.com/fr/",
      "date": "24 Jun 2017"
    },
    "Pragonauts": {
      "name": "Pragonauts",
      "url": "http://pragonauts.com/",
      "date": "23 Jun 2017"
    },
    "Kappamon": {
      "name": "Kappamon",
      "url": "https://kappamon.com/",
      "date": "23 Jun 2017"
    },
    "Elevo": {
      "name": "Elevo",
      "url": "http://www.elevo.fr/",
      "date": "23 Jun 2017"
    },
    "Oneday": {
      "name": "Oneday",
      "highlighted": true,
      "url": "https://www.oneday.design/",
      "date": "8 Dec 2016"
    },
    "Buefy": {
      "name": "Buefy",
      "url": "https://buefy.github.io/",
      "date": "10 Apr 2017"
    },
    "Alt Three": {
      "name": "Alt Three",
      "url": "https://alt-three.com/",
      "date": "31 Mar 2016"
    }
  },
  "lists": {
    "home": ["signal", "getbedtimestories", "counternetwork", "Gustav"],
    "expo": [
      "signal",
      "vinetos",
      "infinitysearch",
      "searchcity",
      "pentos",
      "vivohostel",
      "romes",
      "formalfounder",
      "klimchuk",
      "oneprofile",
      "pagespeed",
      "rydesignsstuff",
      "divjoy",
      "spike",
      "ftwcoin",
      "runlet",
      "bulmaplay",
      "filegator",
      "counternetwork",
      "sinuous",
      "agilox",
      "pingstack",
      "mynameismirko2018",
      "pwn",
      "saashub",
      "snipper",
      "smesummit",
      "jethromay",
      "uncut",
      "receptionhalls",
      "danielfr",
      "faulthero",
      "adilmania",
      "mattfarley",
      "griko",
      "shecodes",
      "jgthms",
      "uigoodies",
      "favicon",
      "whiterabbitexpress",
      "primative",
      "getbedtimestories",
      "mod",
      "jobees",
      "mythril",
      "immunizationacademy",
      "cssninja",
      "planhr",
      "hodlfund",
      "cronhub",
      "pollygot",
      "reportz",
      "mynameismirko",
      "anyshortcut",
      "ysimplicity",
      "bongoutindonesia",
      "uploadme",
      "Gustav",
      "Penmob",
      "Brújula Turística",
      "LottieFiles",
      "Smileonthetiles",
      "Sketch for Designrs",
      "Bashful Birdie",
      "Bugcraft Studio",
      "Booknshelf",
      "MD5",
      "Driftrock",
      "Jubiwee",
      "Pragonauts",
      "Kappamon",
      "Elevo",
      "Oneday",
      "Buefy",
      "Alt Three"
    ]
  }
}
