{
  "1": [
    "coyled",
    "biximilien",
    "markuswustenberg",
    "eddielement",
    "dangowans",
    "Carpenter0100",
    "aminah-io",
    "marcop135",
    "mattsly",
    "timothymiko",
    "smjnab",
    "bekwam",
    "Heartz66",
    "cosgrove39264",
    "neetso",
    "bastien09",
    "rewtraw",
    "romainnorberg",
    "KirillOsenkov",
    "scott-joe"
  ],
  "10": ["Mirobit", "mieko", "mmmonica50", "linkdd", "seansan", "Gomah"],
  "30": [],
  "100": ["GilmarLangelaan", "aaditysony", "patrick136"],
  "300": ["shereenqumsieh", "kevivmatrix", "stacho", "wingerdkm1"],
  "500": []
}
