{
  "by_id": {
    "monovm": {
      "name": "monovm",
      "url": "https://monovm.com/",
      "textOnly": "VPS Hosting",
      "width":"108",
      "height":"40"
    },
    "tutlance": {
      "name": "tutlance",
      "url": "https://tutlance.com/",
      "width":"135",
      "height":"42",
      "follow": true
    },
    "themeisle": {
      "name": "themeisle",
      "url": "https://themeisle.com/",
      "width":"160",
      "height":"40"
    },
    "tooltwist": {
      "name": "tooltwist",
      "url": "http://tooltwist.com/",
      "width":"160",
      "height":"51"
    },
    "dontpayfull": {
      "name": "DontPayFull",
      "url": "https://www.dontpayfull.com/",
      "blend": true,
      "width":"120",
      "height":"60"
    },
    "devsquad": {
      "name": "DevSquad",
      "url": "https://devsquad.com/",
      "width":"140",
      "height":"31"
    },
    "hebergeurweb": {
      "name": "HebergeurWeb.ca",
      "url": "https://www.hebergeurweb.ca/",
      "width":"41",
      "height":"40"
    },
    "vpsserver": {
      "name": "VPS Server",
      "url": "https://www.vpsserver.com/",
      "width":"125",
      "height":"31"
    },
    "yakaz": {
      "name": "Yakaz",
      "url": "https://yakaz.com/",
      "width":"100",
      "height":"50",
      "follow": true
    },
    "usave": {
      "name": "usave",
      "url": "https://usave.co.uk/utilities/broadband/",
      "title": "Compare broadband deals with usave.co.uk",
      "width":"106",
      "height":"25.5"
    },
    "craft": {
      "name": "Craft Resumes",
      "url": "https://craftresumes.com/",
      "title": "Craft Resume writing services",
      "width":"76",
      "height":"55",
      "follow": true
    },
    "paperleaf": {
      "name": "Paper Leaf",
      "url": "https://paperleaf.ca/",
      "title": "Canadian paper writers",
      "width":"135",
      "height":"38",
      "follow": true
    },
    "buildthis": {
      "name": "BuildThis",
      "url": "https://www.buildthis.io/",
      "title": "BuildThis",
      "width":"125",
      "height":"40",
      "follow": true
    },
    "papersowl": {
      "name": "PapersOwl",
      "url": "https://papersowl.com/write-my-essay-please",
      "title": "write my essay please",
      "width":"126",
      "height":"42",
      "follow": true
    },
    "sparheld": {
      "name": "Sparheld",
      "url": "https://www.sparheld.de/",
      "title": "Sparheld",
      "width":"157",
      "height":"41"
    },
    "bid4papers": {
      "name": "Bid4Papers",
      "url": "https://bid4papers.com/write-my-essay.html",
      "title": "Bid4Papers",
      "width":"136",
      "height":"24"
    },
    "writersperhour": {
      "name": "Writers Per Hour",
      "url": "https://writersperhour.com/write-my-paper",
      "title": "Writers Per Hour",
      "width":"105",
      "height":"45"
    },
    "promocodewatch": {
      "name": "PromoCodeWatch",
      "url": "https://www.promocodewatch.com/",
      "title": "PromoCodeWatch",
      "width":"125",
      "height":"35"
    },
    "searchpromocodes": {
      "name": "SearchPromoCodes",
      "url": "https://searchpromocodes.com/",
      "title": "SearchPromoCodes",
      "width":"150",
      "height":"62"
    },
    "clothingric": {
      "name": "ClothingRIC",
      "url": "https://www.clothingric.com/",
      "title": "ClothingRIC",
      "width":"160",
      "height":"40",
      "follow": true
    },
    "edubirdie": {
      "name": "edubirdie",
      "url": "https://edubirdie.com/",
      "title": "Edubirdie offers writing services",
      "width":"161",
      "height":"27",
      "follow": true
    },
    "edusson": {
      "name": "edusson",
      "url": "https://edusson.com/write-my-research-paper",
      "title": "write my research paper",
      "width":"104",
      "height":"20",
      "follow": true
    },
    "emucoupon": {
      "name": "emucoupon",
      "url": "https://www.emucoupon.com/",
      "title": "Leading Coupon Website for Aussies",
      "width":"120",
      "height":"30",
      "follow": true
    },
    "namobot": {
      "name": "namobot",
      "url": "https://www.namobot.com/coupon/",
      "title": "Free Coupons for Domains, Hosting & VPN",
      "width":"120",
      "height":"30",
      "follow": true
    },
    "firesticktricks": {
      "name": "firesticktricks",
      "url": "https://www.firesticktricks.com/",
      "title": "firesticktricks",
      "width":"120",
      "height":"30"
    },
    "airtract": {
      "name": "AirTract",
      "url": "https://www.airtract.com/",
      "title": "AirTract",
      "width":"150",
      "height":"42",
      "follow": true
    },
    "realtimecommunications": {
      "name": "Real Time Communications",
      "url": "https://www.realtimecommunicationsworld.com/",
      "title": "Real Time Communications World",
      "width":"120",
      "height":"57",
      "follow": true
    },
    "polygon": {
      "name": "Polygon.io",
      "url": "https://polygon.io/",
      "title": "Stock APIs",
      "width":"150",
      "height":"50",
      "follow": true
    },
    "cooltechzone": {
      "name": "cooltechzone",
      "url": "https://cooltechzone.com/vpn-for-torrenting",
      "title": "VPNs for Torrenting",
      "width":"160",
      "height":"52"
    },
    "bonusfinder": {
      "name": "bonusfinder",
      "url": "https://www.bonus.ca/",
      "title": "Bonusfinder",
      "width":"160",
      "height":"34"
    },
    "pillarwm": {
      "name": "pillarwm",
      "url": "https://pillarwm.com/",
      "title": "Pillar",
      "width":"150",
      "height":"53"
    },
    "sanyodigital": {
      "name": "sanyodigital",
      "url": "https://sanyodigital.com/",
      "title": "Sanyo Digital",
      "width":"160",
      "height":"33"
    },
    "coupons4printing": {
      "name": "coupons4printing",
      "url": "https://www.coupons4printing.com/",
      "title": "Coupons For Printing",
      "width":"60",
      "height":"60",
      "follow": true
    },
    "inkoop": {
      "name": "inkoop",
      "url": "https://www.inkoop.io/",
      "title": "Inkoop - Website/App development company",
      "width":"150",
      "height":"43",
      "noopener": true
    },
    "vpnreview": {
      "name": "vpnreview",
      "url": "https://vpn-review.com/netflix-vpn",
      "title": "vpn for netflix",
      "width":"137",
      "height":"85"
    },
    "dfds": {
      "name": "dfds",
      "url": "https://www.dietfooddeliveryservice.com/",
      "title": "Diet Food Delivery Service",
      "width":"60",
      "height":"60",
      "follow": true
    },
    "rajbet": {
      "name": "rajbet",
      "url": "https://raj.bet/",
      "title": "Online Casino",
      "width":"128",
      "height":"50",
      "follow": true
    },
    "gamblizard": {
      "name": "gamblizard",
      "url": "https://gamblizard.com/",
      "title": "Gamblizard",
      "width":"182",
      "height":"30",
      "follow": true
    },
    "casinofiables": {
      "name": "Casino Fiables",
      "url": "https://casinofiables.com/",
      "title": "Casino Fiables",
      "width":"150",
      "height":"24",
      "follow": true
    },
    "123calendars": {
      "name": "123Calendars",
      "url": "https://www.123calendars.com/",
      "title": "2021 Calendar",
      "width":"125",
      "height":"28",
      "follow": true
    },
    "quickbookstoolhub": {
      "name": "quickbookstoolhub",
      "url": "https://quickbookstoolhub.com/",
      "title": "Quickbooks Tool Hub",
      "width":"64",
      "height":"64"
    },
    "pondr": {
      "name": "pondr",
      "url": "https://runpondr.com/",
      "title": "Pondr Idea Management",
      "width":"126",
      "height":"38",
      "follow": true
    },
    "aussiecasinohex": {
      "name": "aussiecasinohex",
      "url": "https://aussiecasinohex.com/",
      "title": "AussieCasinoHEX.com",
      "width":"170",
      "height":"60",
      "follow": true
    }
  },
  "home": [
    "themeisle"
    ,"vpsserver"
    ,"sparheld"
    ,"writersperhour"
    ,"clothingric"
    ,"emucoupon"
    ,"namobot"
    ,"firesticktricks"
    ,"airtract"
    ,"realtimecommunications"
    ,"polygon"
    ,"bonusfinder"
    ,"monovm"
    ,"pillarwm"
    ,"coupons4printing"
    ,"papersowl"
    ,"edusson"
    ,"inkoop"
    ,"dfds"
    ,"rajbet"
    ,"gamblizard"
    ,"casinofiables"
    ,"123calendars"
    ,"quickbookstoolhub"
    ,"pondr"
    ,"aussiecasinohex"
  ],
  "footer": [
    "polygon"
    ,"inkoop"
    ,"pondr"
  ]
}
