{
    "test_path": "test/javascript/index.html",
    "test_framework": "mocha",
    "exit_with_fail": true,
    "browsers": [
        "chrome_latest",
        "chrome_previous",
        "firefox_latest",
        "firefox_previous",
        "safari_latest",
        "safari_previous",
        "opera_latest",
        "opera_previous",
        "edge_latest",
        "edge_previous",
        "ie_11",
        "ie_10",
        {
            "os": "ios",
            "os_version": "12.4",
            "device": "iPhone XS",
            "real_mobile": "true"
        },
        {
            "os": "ios",
            "os_version": "11.0",
            "device": "iPhone 8 Plus",
            "real_mobile": "true"
        },
        {
            "os": "android",
            "os_version": "9.0",
            "device": "Google Pixel 3",
            "real_mobile": "true"
        },
        {
            "os": "android",
            "os_version": "4.4",
            "device": "Google Nexus 5",
            "real_mobile": "true"
        }
    ]
}