{
  "by_name": {
    "$progress-bar-background-color": {
      "name": "$progress-bar-background-color",
      "value": "$border-light",
      "type": "variable",
      "computed_type": "color",
      "computed_value": "hsl(0, 0%, 93%)"
    },
    "$progress-value-background-color": {
      "name": "$progress-value-background-color",
      "value": "$text",
      "type": "variable",
      "computed_type": "color",
      "computed_value": "hsl(0, 0%, 29%)"
    },
    "$progress-border-radius": {
      "name": "$progress-border-radius",
      "value": "$radius-rounded",
      "type": "variable",
      "computed_type": "size",
      "computed_value": "9999px"
    },
    "$progress-indeterminate-duration": {
      "name": "$progress-indeterminate-duration",
      "value": "1.5s",
      "type": "string"
    },
    "$progress-colors": {
      "name": "$progress-colors",
      "value": "$colors",
      "type": "variable",
      "computed_type": "map",
      "computed_value": "Bulma colors"
    }
  },
  "list": [
    "$progress-bar-background-color",
    "$progress-value-background-color",
    "$progress-border-radius",
    "$progress-indeterminate-duration",
    "$progress-colors"
  ],
  "file_path": "elements/progress.sass"
}