{
  "by_name": {
    "$hero-body-padding": {
      "name": "$hero-body-padding",
      "value": "3rem 1.5rem",
      "type": "size"
    },
    "$hero-body-padding-tablet": {
      "name": "$hero-body-padding-tablet",
      "value": "3rem 3rem",
      "type": "size"
    },
    "$hero-body-padding-small": {
      "name": "$hero-body-padding-small",
      "value": "1.5rem",
      "type": "size"
    },
    "$hero-body-padding-medium": {
      "name": "$hero-body-padding-medium",
      "value": "9rem 4.5rem",
      "type": "size"
    },
    "$hero-body-padding-large": {
      "name": "$hero-body-padding-large",
      "value": "18rem 6rem",
      "type": "size"
    },
    "$hero-colors": {
      "name": "$hero-colors",
      "value": "$colors",
      "type": "variable",
      "computed_type": "map",
      "computed_value": "Bulma colors"
    }
  },
  "list": [
    "$hero-body-padding",
    "$hero-body-padding-tablet",
    "$hero-body-padding-small",
    "$hero-body-padding-medium",
    "$hero-body-padding-large",
    "$hero-colors"
  ],
  "file_path": "layout/hero.sass"
}